videoTitle,channelName,videoUrl,watchedAt
"The World's Most Important Machine","Veritasium","https://www.youtube.com/watch?v=MiUHjLxm3V0","2026-01-12T17:26:31.530Z"
"No RDJ in Doomsday? Loki Going Crazy? - RoastVerse 154","ComicVerse","https://www.youtube.com/watch?v=jjJ3wxBsw4E&t=277s","2026-01-12T17:57:32.797Z"
"No RDJ in Doomsday? Loki Going Crazy? - RoastVerse 154","ComicVerse","https://www.youtube.com/watch?v=MiUHjLxm3V0&t=136s","2026-01-12T18:01:01.164Z"
"The World's Most Important Machine","Veritasium","https://www.youtube.com/watch?v=YdOXS_9_P4U&t=255s","2026-01-12T18:03:01.702Z"
"Terence Tao on the cosmic distance ladder","3Blue1Brown","https://www.youtube.com/watch?v=7Fi4T-yR8tM","2026-01-12T18:07:09.863Z"
"The Man Who Accidentally Discovered Antimatter","Veritasium","https://www.youtube.com/watch?v=Y-W-w8yNiKU","2026-01-12T18:29:22.196Z"
"The Man Who Accidentally Discovered Antimatter","Veritasium","https://www.youtube.com/watch?v=6akmv1bsz1M","2026-01-12T18:31:52.324Z"
"Something Strange Happens When You Follow Einstein's Math","Veritasium","https://www.youtube.com/watch?v=m_ZVJgM-bZI","2026-01-12T18:34:23.175Z"
"Eddie Redmayne winning Best Actor | 87th Oscars (2015)","Oscars","https://www.youtube.com/watch?v=Z07BJZ46Nok","2026-01-12T18:36:23.746Z"
"Fishing Cats : Masters of the Water | Big Cats | BBC Earth","BBC Earth","https://www.youtube.com/watch?v=RTAHttf0uwg","2026-01-13T05:53:39.215Z"
"Fishing Cats : Masters of the Water | Big Cats | BBC Earth","BBC Earth","https://www.youtube.com/watch?v=5DcT-zj8V-Q","2026-01-13T05:58:02.287Z"
"Playful Baby Pallas's Cats Left Home Alone | Big Cats | BBC Earth","BBC Earth","https://www.youtube.com/watch?v=vTVuB1kgpd4","2026-01-13T06:03:15.891Z"
"32 Legendary Goals in Football History","Alsido Football","https://www.youtube.com/watch?v=MiUHjLxm3V0&t=284s","2026-01-13T08:29:38.232Z"
"The World's Most Important Machine","Veritasium","https://www.youtube.com/watch?v=AF8d72mA41M","2026-01-13T08:34:28.509Z"
"Wolf Pack Hunts A Hare | The Hunt | BBC Earth","BBC Earth","https://www.youtube.com/watch?v=gGludGaPKag","2026-01-13T15:45:48.240Z"
"Wolf Pack Hunts A Hare | The Hunt | BBC Earth","BBC Earth","https://www.youtube.com/watch?v=yF5mHzhRBWE","2026-01-13T15:46:00.687Z"
"Morocco vs Spain: Full Penalty Shootout | FIFA World Cup 2022","FIFA","https://www.youtube.com/watch?v=MiUHjLxm3V0&t=552s","2026-01-13T15:46:23.238Z"
"The World's Most Important Machine","Veritasium","https://www.youtube.com/watch?v=MiUHjLxm3V0&t=553s","2026-01-14T07:34:23.057Z"
"Vampires","The Midnight","https://www.youtube.com/watch?v=WklkvT1Hs-g","2026-01-17T15:47:38.963Z"
"Vampires","The Midnight","https://www.youtube.com/watch?v=-LWNpiWL9-s","2026-01-17T15:47:49.135Z"
"Bezubaan | Piku | Amitabh Bachchan, Deepika Padukone, Irrfan Khan | Anupam Roy | Lyrical","Zee Music Company","https://www.youtube.com/watch?v=983K_Y4mmkk","2026-01-17T15:49:44.185Z"
"Modiâ€™s Manikarnika Ghat 'Makeover' | Destroying Kashi To Make A Budget Disneyland? | Akash Banerjee","The Deshbhakt","https://www.youtube.com/watch?v=MTyxSK-aH8M","2026-01-17T15:50:13.891Z"
"Australia To Face India In T20 World Cup Final? #Aakashvani","Aakash Chopra","https://www.youtube.com/watch?v=_WOIfRa0Tgg","2026-01-17T15:50:21.093Z"